An Update on Feline Calicivirus,10.17236/SAT00346
Feline calicivirus,https://www.vetres.org/articles/vetres/abs/2007/02/v06220/v06220.html
Comparison of the ability of feline calicivirus (FCV) vaccines to neutralise a panel of current UK FCV isolates,https://journals.sagepub.com/doi/10.1016/j.jfms.2007.06.011
Feline Calicivirus Infection: ABCD Guidelines on Prevention and Management,https://journals.sagepub.com/doi/10.1016/j.jfms.2009.05.004
Epidemiological Investigation of Feline Upper Respiratory Tract Infection Encourages a Geographically Specific FCV Vaccine,https://www.mdpi.com/2306-7381/10/1/46
Feline calicivirus and other respiratory pathogens in cats with Feline calicivirus-related symptoms and in clinically healthy cats in Switzerland,https://link.springer.com/article/10.1186/s12917-015-0595-2
Feline Calicivirus Infection: Current Understanding and Implications for Control Strategies,https://www.mdpi.com/2076-2615/15/14/2009
Sensitivity of FCV to recombinant feline interferon (rFeIFN),https://link.springer.com/article/10.1007/s11259-007-9019-5
Calicivirus Infection in Cats,https://www.mdpi.com/1999-4915/14/5/9377
Neutralizing Feature of Commercially Available Feline Calicivirus (FCV) Vaccine Immune Sera against FCV Field Isolates,https://www.jstage.jst.go.jp/article/jvms/61/3/61_3_299/_article
Characterization of an avirulent FCV strain with a broad serum cross-neutralization profile and protection against challenge of a highly virulent vs feline calicivirus,https://www.sciencedirect.com/science/article/abs/pii/S0168170214001129?via%3Dihub
"Use of serologic tests to predict resistance to feline herpesvirus 1, feline calicivirus, and feline parvovirus infection in cats",https://avmajournals.avma.org/view/journals/javma/220/1/javma.2002.220.38.xml
A novel replication-deficient FCV vaccine provides strong immune protection in cats,https://journals.asm.org/doi/10.1128/jvi.00093-25
Potential Therapeutic Agents for Feline Calicivirus Infection,https://www.mdpi.com/1999-4915/10/8/433
Molecular Virology of Feline Calicivirus,https://www.sciencedirect.com/science/article/abs/pii/S0195561608000752?via%3Dihub
Distribution of the Feline Calicivirus Receptor Junctional Adhesion Molecule A in Feline Tissues,https://journals.sagepub.com/doi/10.1177/0300985810375245
Mechanisms for persistence of acute and chronic feline calicivirus infections in the face of vaccination,https://www.sciencedirect.com/science/article/abs/pii/037811359500101F?via%3Dihub
Identification of prevalent Feline Calicivirus strains and novel antiviral efficacy of CpG49 stimulus in Feline Calicivirus-infected cats,https://pubmed.ncbi.nlm.nih.gov/40350117/
Advances in Feline Viruses and Viral Diseases,https://www.mdpi.com/1999-4915/13/5/923
Identification of feline calicivirus in cats with enteritis,https://onlinelibrary.wiley.com/doi/10.1111/tbed.13605
Feline calicivirus: a neglected cause of feline ocular surface infections?,https://onlinelibrary.wiley.com/doi/10.1111/j.1463-5224.2011.00957.x
Modified-Live Feline Calicivirus Vaccination Elicits Cellular Immunity against a Current Feline Calicivirus Field Strain in an Experimental Feline Challenge Study,https://www.mdpi.com/1999-4915/13/9/1736
Nucleotide sequence of UK and Australian isolates of feline calicivirus (FCV) and phylogenetic analysis of FCVs,https://www.sciencedirect.com/science/article/abs/pii/S0378113599000437?via%3Dihub
The use of sequence analysis of a feline calicivirus (FCV) hypervariable region in the epidemiological investigation of FCV related disease and vaccine failures,https://www.sciencedirect.com/science/article/abs/pii/S0264410X97000595?via%3Dihub
Efficacy of an inactivated feline calicivirus (FCV) vaccine against challenge with United Kingdom field strains and its interaction with the FCV carrier state,https://www.sciencedirect.com/science/article/abs/pii/S0034528818324317?via%3Dihub
Application of Chimeric Feline Foamy Virus-Based Retroviral Vectors for the Induction of Antiviral Immunity in Cats,https://journals.asm.org/doi/10.1128/jvi.77.14.7830-7842.2003
 Feline Calicivirus Infection Manipulates Central Carbon Metabolism ,https://www.mdpi.com/2306-7381/12/2/138
Feline calicivirus and natural killer cells: A study of its relationship in chronic gingivostomatitis,https://www.veterinaryworld.org/Vol.16/August-2023/18.html
Acute arthritis of cats associated with feline calicivirus infection,https://www.sciencedirect.com/science/article/abs/pii/0034528894900957?via%3Dihub
35 - Feline Calicivirus Infections,https://www.sciencedirect.com/science/chapter/edited-volume/abs/pii/B9780323509343000355?via%3Dihub
 Molecular epidemiology of feline calicivirus (FCV) and felid alphaherpesvirus 1 (FeAHV-1) in cats with clinical signs and clinically healthy cats ,https://pubmed.ncbi.nlm.nih.gov/40644818/
Effect of chronic feline immunodeficiency virus infection on experimental feline calicivirus-induced disease,https://www.sciencedirect.com/science/article/abs/pii/0378113594901694?via%3Dihub
 An outbreak of virulent systemic feline calicivirus disease ,https://avmajournals.avma.org/view/journals/javma/224/2/javma.2004.224.241.xml
Detection of Feline calicivirus (FCV) from Vaccinated Cats and Phylogenetic Analysis of its Capsid Genes,https://link.springer.com/article/10.1007/s11259-006-3232-5
Identification of feline calicivirus in cats with enteritis,https://onlinelibrary.wiley.com/doi/10.1111/tbed.13605
A Study of Feline Upper Respiratory Tract Disease with Reference to Prevalence and Risk Factors for Infection with Feline Calicivirus and Feline Herpesvirus,https://journals.sagepub.com/doi/10.1053/jfms.2000.0084
"A multi-national European cross-sectional study of feline calicivirus epidemiology, diversity and vaccine cross-reactivity",https://www.sciencedirect.com/science/article/pii/S0264410X17303365?via%3Dihub
Characterization of a highly virulent feline calicivirus and attenuation of this virus,https://www.sciencedirect.com/science/article/abs/pii/S0168170206002383?via%3Dihub
Epidemiological survey of feline viral infectious diseases in China from 2018 to 2020,https://onlinelibrary.wiley.com/doi/10.1002/aro2.29
The recombinant feline herpesvirus 1 expressing feline Calicivirus VP1 protein is safe and effective in cats,https://www.sciencedirect.com/science/article/abs/pii/S0264410X24011502?via%3Dihub
"Prevalence of feline calicivirus and the distribution of serum neutralizing antibody against isolate strains in cats of Hangzhou, China ",https://vetsci.org/DOIx.php?id=10.4142/jvs.2021.22.e73
Feline herpesvirus 1 and feline calicivirus infections in a heterogeneous cat population of a rescue shelter,https://journals.sagepub.com/doi/10.1016/j.jfms.2009.05.023
" Epidemiology and Molecular Characterization of Feline Calicivirus in Beijing, China ",https://www.mdpi.com/2076-2615/15/4/494
"Evaluation of the association of Bartonella species, feline herpesvirus 1, feline calicivirus, feline leukemia virus and feline immunodeficiency virus with chronic feline gingivostomatitis",https://journals.sagepub.com/doi/10.1016/j.jfms.2007.05.007
The challenge for the next generation of feline calicivirus vaccines,https://www.sciencedirect.com/science/article/abs/pii/S0378113506001386?via%3Dihub
Characterization and immunogenic evaluation of feline calicivirus epidemic strains ,https://vetsci.org/DOIx.php?id=10.4142/jvs.24331
Efficacy of passively transferred antibodies in cats with acute viral upper respiratory tract infection,https://www.sciencedirect.com/science/article/abs/pii/S1090023314001853?via%3Dihub
 Description of a Virulent Systemic Feline Calicivirus Infection in a Kitten with Footpads Oedema and Fatal Pneumonia ,https://www.mdpi.com/2076-0817/14/11/1183
Fexaramine as an entry blocker for feline caliciviruses,https://www.sciencedirect.com/science/article/pii/S0166354217306484?via%3Dihub
"Immunogenicity of a new inactivated vaccine against feline panleukopenia virus, calicivirus, and herpesvirus-1 for cats",https://www.kjvr.org/journal/view.php?doi=10.14405/kjvr.20220042
Junctional Adhesion Molecule 1 Is a Functional Receptor for Feline Calicivirus,https://journals.asm.org/doi/10.1128/jvi.80.9.4482-4490.2006
Replication kinetics and cytopathic effect of feline calicivirus in feline corneal epithelial cells,https://onlinelibrary.wiley.com/doi/10.1111/vop.13289
Phylogenetic Analysis of Field Isolates of Feline Calcivirus (FCV) in Japan by Sequencing Part of Its Capsid Gene,https://link.springer.com/article/10.1023/A:1015253621079
Virulent systemic feline calicivirus infection: a case report and first description in Ireland,https://link.springer.com/article/10.1186/s13620-024-00262-3
 An Outbreak of Limping Syndrome Associated with Feline Calicivirus ,https://www.mdpi.com/2076-2615/13/11/1778
In vitro inactivation of feline calicivirus (FCV) by chemical disinfectants: resistance variation among field strains,https://link.springer.com/article/10.1007/s00705-010-0795-9
"Development of a triple NanoPCR method for feline calicivirus, feline panleukopenia syndrome virus, and feline herpesvirus type I virus",https://link.springer.com/article/10.1186/s12917-022-03460-9
"Feline calicivirus infection in cats with virulent systemic disease, Italy",https://www.sciencedirect.com/science/article/abs/pii/S0034528818331801?via%3Dihub
 Detection and Characterization of Feline Calicivirus Associated with Paw and Mouth Disease ,https://www.mdpi.com/2076-2615/13/1/65
 Evaluation of a feline viral rhinotracheitis-feline calicivirus disease vaccine ,https://pubmed.ncbi.nlm.nih.gov/190925/
Effect of primary-stage feline immunodeficiency virus infection on subsequent feline calicivirus vaccination and challenge in cats,https://journals.lww.com/aidsonline/abstract/1991/06000/effect_of_primary_stage_feline_immunodeficiency.16.aspx
"Identification and Pathogenicity Analysis of Feline Calicivirus in Shanghai and Guangdong, China",https://onlinelibrary.wiley.com/doi/10.1155/tbed/8729295
Lethal outbreak of disease associated with feline calicivirus infection in cats,https://bvajournals.onlinelibrary.wiley.com/doi/10.1136/vr.158.16.544
" Prevalence of serum antibody titers against feline panleukopenia virus, feline herpesvirus 1, and feline calicivirus in cats entering a Florida animal shelter ",https://avmajournals.avma.org/view/journals/javma/241/10/javma.241.10.1320.xml
"Prevalence of antibodies to feline parvovirus, calicivirus, herpesvirus, coronavirus, and immunodeficiency virus and of feline leukemia virus antigen and the interrelationship of these viral infections in free-ranging lions in east Africa",https://journals.asm.org/doi/10.1128/cdli.3.5.554-562.1996
"Common virus infections in cats, before and after being placed in shelters, with emphasis on feline enteric coronavirus",https://journals.sagepub.com/doi/10.1016/j.jfms.2003.08.008
Feline calicivirus VP1-based mRNA vaccine protects cats against FCV challenge,https://www.sciencedirect.com/science/article/pii/S1995820X26000477?via%3Dihub
Molecular characterization of a feline calicivirus isolated from tiger and its pathogenesis in cats,https://www.sciencedirect.com/science/article/abs/pii/S0378113516301821?via%3Dihub
Long-term analysis of feline calicivirus prevalence and viral shedding patterns in naturally infected colonies of domestic cats,https://www.sciencedirect.com/science/article/pii/S0378113506002598?via%3Dihub
" Feline Calicivirus Virulent Systemic Disease: Clinical Epidemiology, Analysis of Viral Isolates and In Vitro Efficacy of Novel Antivirals in Australian Outbreaks ",https://www.mdpi.com/1999-4915/13/10/2040
Assessment of the IFN-β response to four feline caliciviruses: Infection in CRFK cells,https://www.sciencedirect.com/science/article/abs/pii/S156713481500235X?via%3Dihub
Genetic diversity and phenotypic associations of feline caliciviruses from cats in Switzerland,https://www.microbiologyresearch.org/content/journal/jgv/10.1099/jgv.0.000622
An isolated epizootic of hemorrhagic-like fever in cats caused by a novel and highly virulent strain of feline calicivirus,https://www.sciencedirect.com/science/article/pii/S0378113500001838?via%3Dihub
 Feline respiratory infections--a clinical review ,https://pubmed.ncbi.nlm.nih.gov/177166/
An efficient method for the selective isolation of feline herpesvirus 1(FHV-1) in feline calicivirus (FCV) coinfected specimens,https://link.springer.com/article/10.1186/s12917-025-04786-w
Sustained circulation of genotype I and the first whole-genome sequencing of feline calicivirus in Turkish cats,https://link.springer.com/article/10.1186/s12917-026-05352-8
Natural cases of polyarthritis associated with feline calicivirus infection in cats,https://link.springer.com/article/10.1007/s11259-022-09933-4
Transmission of feline calicivirus via the cat flea (Ctenocephalides felis),https://link.springer.com/article/10.1007/s00436-009-1381-5
Development and application of a dual ERA method for the detection of Feline Calicivirus and Feline Herpesvirus Type I,https://link.springer.com/article/10.1186/s12985-023-02020-3
 Molecular Characterization and Cross-Reactivity of Feline Calicivirus Circulating in Southwestern China ,https://www.mdpi.com/1999-4915/13/9/1812
Transcriptome analysis of Crandell Rees Feline Kidney (CRFK) cells infected with Feline calicivirus strain 023 (FCV 023),https://www.sciencedirect.com/science/article/abs/pii/S0042682225003307?via%3Dihub
Conserved Surface Residues on the Feline Calicivirus Capsid Are Essential for Interaction with Its Receptor Feline Junctional Adhesion Molecule A (fJAM-A),https://journals.asm.org/doi/10.1128/jvi.00035-18
The CDE region of feline Calicivirus VP1 protein is a potential candidate subunit vaccine,https://link.springer.com/article/10.1186/s12917-024-03914-2
Broad-Spectrum Inhibitors against 3C-Like Proteases of Feline Coronaviruses and Feline Caliciviruses,https://journals.asm.org/doi/10.1128/jvi.03688-14
Temporally separated feline calicivirus isolates do not cluster phylogenetically and are similarly neutralised by high-titre vaccine strain FCV-F9 antisera in vitro,https://journals.sagepub.com/doi/10.1177/1098612X19866521
"Sampling sites for detection of feline herpesvirus-1, feline calicivirus and Chlamydia felis in cats with feline upper respiratory tract disease",https://journals.sagepub.com/doi/10.1177/1098612X15569615
European molecular epidemiology and strain diversity of feline calicivirus,https://bvajournals.onlinelibrary.wiley.com/doi/10.1136/vr.103446
Prevalence of feline calicivirus in cats with odontoclastic resorptive lesions and chronic gingivostomatitis,https://www.sciencedirect.com/science/article/abs/pii/S0034528816301886?via%3Dihub
"Onset of immunity in kittens after vaccination with a non-adjuvanted vaccine against feline panleucopenia, feline calicivirus and feline herpesvirus",https://www.sciencedirect.com/science/article/abs/pii/S1090023308002104?via%3Dihub
 Biological Characteristics of Feline Calicivirus Epidemic Strains in China and Screening of Broad-Spectrum Protective Vaccine Strains ,https://www.mdpi.com/2076-393X/11/12/1858
Establishment and application of ERA-LFD method for rapid detection of feline calicivirus,https://link.springer.com/article/10.1007/s00253-022-11785-6
Feline Respiratory Disease Complex,https://www.sciencedirect.com/science/article/abs/pii/S0195561611001380?via%3Dihub
Virulent systemic feline calicivirus infection: Local cytokine modulation and contribution of viral mutants,https://journals.sagepub.com/doi/10.1016/j.jfms.2005.08.002
" Molecular Characterization and Phylogenetic Analysis of Feline Calicivirus Isolated in Guangdong Province, China from 2018 to 2022 ",https://www.mdpi.com/1999-4915/14/11/2421
A Virulent Systemic Feline Calicivirus Strain Isolated in China Could Produce Broadly Neutralizing Antibodies Against Multiple Strains,https://onlinelibrary.wiley.com/doi/10.1155/tbed/6853477
Identification of Feline Interferon Regulatory Factor 1 as an Efficient Antiviral Factor against the Replication of Feline Calicivirus and Other Feline Viruses,https://onlinelibrary.wiley.com/doi/10.1155/2018/2739830
The pathway of feline calicivirus entry,https://www.sciencedirect.com/science/article/abs/pii/016817029400077P?via%3Dihub
The mitochondrial pathway of apoptosis is triggered during feline calicivirus infection,https://www.microbiologyresearch.org/content/journal/jgv/10.1099/vir.0.81399-0
Distribution and genetic diversity of Feline calicivirus in Moscow metropolitan area ,https://vetsci.org/DOIx.php?id=10.4142/jvs.22182
Results of molecular diagnostic assays targeting feline herpesvirus-1 and feline calicivirus in adult cats administered modified live vaccines,https://journals.sagepub.com/doi/10.1016/j.jfms.2010.12.010
Co-circulation and evolution of genogroups I and II of respiratory and enteric feline calicivirus isolates in cats,https://onlinelibrary.wiley.com/doi/10.1111/tbed.14447
 Feline Foamy Virus-Based Vectors: Advantages of an Authentic Animal Model ,https://www.mdpi.com/1999-4915/5/7/1702
Immunological and Genetic Characterization of Feline Caliciviruses Used in the Development of a New Trivalent Inactivated Vaccine in Japan,https://www.jstage.jst.go.jp/article/jvms/72/9/72_09-0436/_article
 Screening and Immune Efficacy Evaluation of Antigens with Protection Against Feline Calicivirus ,https://www.mdpi.com/2076-393X/12/11/1205
 Environmental Contamination and Hygienic Measures After Feline Calicivirus Field Strain Infections of Cats in a Research Facility ,https://www.mdpi.com/1999-4915/11/10/958
 Molecular and clinical study on prevalence of feline herpesvirus type 1 and calicivirus in correlation with feline leukemia and immunodeficiency viruses ,https://pubmed.ncbi.nlm.nih.gov/25610576/
 Molecular and clinical study on prevalence of feline herpesvirus type 1 and calicivirus in correlation with feline leukemia and immunodeficiency viruses ,https://pubmed.ncbi.nlm.nih.gov/25610576/
Isolation and identification of feline calicivirus and feline herpesvirus in Southern Brazil ,https://www.scielo.br/j/bjm/a/83Vd8SWPVrfmmpYZCDwKykx/?lang=en
Virulent feline calicivirus disease in a shelter in italy: A case description,https://www.sciencedirect.com/science/article/pii/S0034528813000271?via%3Dihub
Genetic Analysis of Feline Caliciviruses Associated with a Hemorrhagic-Like Disease,https://journals.sagepub.com/doi/10.1177/104063870501700503
Characterization of a strain of feline calicivirus isolated from a dog faecal sample,https://www.sciencedirect.com/science/article/abs/pii/S0378113509002508?via%3Dihub
 Antibody Response to Feline Calicivirus Vaccination in Healthy Adult Cats ,https://www.mdpi.com/1999-4915/11/8/702
 Feline ocular and respiratory infections: a retrospective analysis of clinical cases submitted to Georgia Veterinary Diagnostic Laboratories (2012-2022) ,https://pubmed.ncbi.nlm.nih.gov/40078714/
Demonstration of Feline corona virus (FCV) antigen in organs of cats suspected of feline infectious peritonitis (FIP) disease,https://onlinelibrary.wiley.com/doi/10.1111/j.1699-0463.1990.tb04985.x
A dual-strain feline calicivirus vaccine stimulates broader cross-neutralization antibodies than a single-strain vaccine and lessens clinical signs in vaccinated cats when challenged with a homologous feline calicivirus strain associated with virulent systemic disease,https://journals.sagepub.com/doi/10.1016/j.jfms.2009.08.006
 In Vitro Antiviral and Virucidal Activity of Ozone against Feline Calicivirus ,https://www.mdpi.com/2076-2615/14/5/682
 Fecal shedding of feline coronavirus in adult cats and kittens in an Abyssinian cattery ,https://pubmed.ncbi.nlm.nih.gov/10511857/
Feline Herpesvirus Infection: ABCD Guidelines on Prevention and Management,https://journals.sagepub.com/doi/10.1016/j.jfms.2009.05.003
Construction of Reverse Genetics System for Feline Calicivirus FCV-BJ616 and Proteomic Analysis,https://onlinelibrary.wiley.com/doi/10.1002/mbo3.70226
Genogrouping of Vaccine Breakdown Strains (VBS) of Feline Calicivirus in Japan,https://link.springer.com/article/10.1007/s11259-007-3454-1
"Combined administration in a single injection of a feline multivalent modified live vaccine against FHV, FCV, and FPLV together with a recombinant FeLV vaccine is both safe and efficacious for all four major feline viral pathogens",https://journals.sagepub.com/doi/10.1016/j.jfms.2008.02.001
 Two Multiplex PCR Methods for Detecting Several Pathogens Associated with Feline Respiratory and Intestinal Tracts ,https://www.mdpi.com/2306-7381/10/1/14
 Duration of serologic response to three viral antigens in cats ,https://avmajournals.avma.org/view/journals/javma/224/1/javma.2004.224.61.xml
Identification of Regions and Residues in Feline Junctional Adhesion Molecule Required for Feline Calicivirus Binding and Infection,https://journals.asm.org/doi/10.1128/jvi.01509-07
Clinical update on feline respiratory pathogens,https://bvajournals.onlinelibrary.wiley.com/doi/10.1136/inpract.26.6.320
"Detection of feline calicivirus, feline herpesvirus 1 and Chlamydia psittaci mucosal swabs by multiplex RT-PCR/PCR",https://www.sciencedirect.com/science/article/abs/pii/S0378113501003406?via%3Dihub
Comparative efficacy of the Leucofeligen™ FeLV/RCP and Purevax™ RCP FeLV vaccines against infection with circulating feline Calicivirus,https://link.springer.com/article/10.1186/s12917-017-1217-y
Feline calicivirus-associated virulent systemic disease: not necessarily a local epizootic problem,https://bvajournals.onlinelibrary.wiley.com/doi/10.1136/vr.d160
Three-year duration of immunity for feline herpesvirus and calicivirus evaluated in a controlled vaccination-challenge laboratory trial,https://www.sciencedirect.com/science/article/abs/pii/S0378113515001133?via%3Dihub
Recent Epidemiological Status of Feline Upper Respiratory Infections in Japan,https://www.jstage.jst.go.jp/article/jvms/62/7/62_7_801/_article
Evaluating triple inactivated vaccine-induced immunity from a large-scale study in feline population,https://www.nature.com/articles/s41598-025-31671-1
Antiviral effect of mefloquine on feline calicivirus in vitro,https://www.sciencedirect.com/science/article/pii/S0378113515000620?via%3Dihub
 N-Terminal Domain of Feline Calicivirus (FCV) Proteinase-Polymerase Contributes to the Inhibition of Host Cell Transcription ,https://www.mdpi.com/1999-4915/8/7/199
Genetic Characterization of 2 Novel Feline Caliciviruses Isolated from Cats with Idiopathic Lower Urinary Tract Disease,https://academic.oup.com/jvim/article/16/3/293/8453319?login=false
An epizootic of highly virulent feline calicivirus disease in a hospital setting in New England,https://journals.sagepub.com/doi/10.1016/S1098-612X%2803%2900008-1
"Pathologic, Immunohistochemical, and Electron Microscopic Findings in Naturally Occurring Virulent Systemic Feline Calicivirus Infection in Cats",https://journals.sagepub.com/doi/10.1354/vp.41-3-257
" Isolation, Identification, and Genetic Evolution Analysis of VP1 Gene of Feline Calicivirus Strain ZZ202306 ",https://www.mdpi.com/1422-0067/26/6/2565
"Comparison between acute oral/respiratory and chronic stomatitis/gingivitis isolates of feline calicivirus: pathogenicity, antigenic profile and cross-neutralisation studies",https://link.springer.com/article/10.1007/s007050050021
"Molecular epidemiology and phylogenetic analysis of feline calicivirus in Kunshan, China",https://link.springer.com/article/10.1186/s12985-024-02319-9
Feline chronic gingivostomatitis: current concepts in clinical management,https://journals.sagepub.com/doi/10.1177/1098612X231186834
Early interaction of feline calicivirus with cells in culture,https://link.springer.com/article/10.1007/BF01538814
"Feline panleukopenia virus, feline herpesvirus-1 and feline calicivirus antibody responses in seronegative specific pathogen-free kittens after parenteral administration of an inactivated FVRCP vaccine or a modified live FVRCP vaccine",https://journals.sagepub.com/doi/10.1177/1098612X11432240
"Isolation and phylogenetic analysis of three feline calicivirus strains from domestic cats in Jilin Province, China",https://link.springer.com/article/10.1007/s00705-017-3392-3
Genetic and antigenic heterogeneity among feline calicivirus isolates from distinct disease manifestations,https://www.sciencedirect.com/science/article/abs/pii/S0168170297014408?via%3Dihub
"Development and application of a multiplex PCR method for the simultaneous detection and differentiation of feline panleukopenia virus, feline bocavirus, and feline astrovirus",https://link.springer.com/article/10.1007/s00705-019-04394-8
"Isolation and phylogenetic analysis of strains of feline calicivirus in Beijing, China",https://link.springer.com/article/10.1007/s00705-021-05163-2
Studies on the role of feline calicivirus in chronic stomatitis in cats,https://www.sciencedirect.com/science/article/abs/pii/0378113591901489?via%3Dihub
 Unlocking the secrets of Feline calicivirus: advances in structural and nonstructural proteins and its role as a key model for other Caliciviruses ,https://pubmed.ncbi.nlm.nih.gov/40399981/
 Novel Strain-Based Triple Inactivated Vaccine Confers Rapid Neutralizing Immunity to Feline Multisystemic Pathogens With Two-Dose Regimen ,https://pubmed.ncbi.nlm.nih.gov/40822450/
"Association of Bartonella species, feline calicivirus, and feline herpesvirus 1 infection with gingivostomatitis in cats",https://journals.sagepub.com/doi/10.1016/j.jfms.2009.10.007
Limited efficacy of topical recombinant feline interferon-omega for treatment of cats with acute upper respiratory viral disease,https://www.sciencedirect.com/science/article/abs/pii/S1090023314003992?via%3Dihub
 Feline herpesvirus and calicivirus: Occurrence and pathology in cats with respiratory disease ,https://pubmed.ncbi.nlm.nih.gov/41015115/
Feline calicivirus replication induces apoptosis in cultured cells,https://www.sciencedirect.com/science/article/abs/pii/S0168170203001151?via%3Dihub
Serological analysis of feline calicivirus isolates from the United States and United Kingdom,https://www.sciencedirect.com/science/article/abs/pii/S0378113596012527?via%3Dihub
Discovery of a novel genogroup feline calicivirus through molecular evolution in group-housed cats in China,https://www.nature.com/articles/s41598-025-03585-5
"Prevalence of serum antibody titres against feline panleukopenia, herpesvirus and calicivirus infections in stray cats of Milan, Italy",https://www.sciencedirect.com/science/article/abs/pii/S0167587718307554?via%3Dihub
 Molecular detection of feline calicivirus (FCV) in cats with oral lesions ,https://dergipark.org.tr/en/pub/meditvetj/article/1518701
"Chronic oral infections of cats and their relationship to persistent oral carriage of feline calici-, immunodeficiency, or leukemia viruses",https://www.sciencedirect.com/science/article/abs/pii/016524279190048H?via%3Dihub
Inhibitory effects of recombinant feline interferon on the replication of feline enteropathogenic viruses in vitro,https://www.sciencedirect.com/science/article/pii/0378113594900957?via%3Dihub
Detection of Mycoplasma spp. and feline calicivirus in cats with ocular surface disease,https://onlinelibrary.wiley.com/doi/10.1111/vop.13218
"Inactivation of feline calicivirus, a Norwalk virus surrogate",https://www.journalofhospitalinfection.com/article/S0195-6701(99)90037-3/abstract
"Nested Case-Control Study of Feline Calicivirus Viruria, Oral Carriage, and Serum Neutralizing Antibodies in Cats with Idiopathic Cystitis",https://academic.oup.com/jvim/article/25/2/199/8451239?login=false
Transcriptomic analysis of Crandell-Rees feline kidney cell infections with field and vaccine feline calicivirus strains,https://www.sciencedirect.com/science/article/pii/S0168170225001595?via%3Dihub
Feline upper respiratory tract infection and disease in Australia,https://journals.sagepub.com/doi/10.1177/1098612X18813248
Phenotypic and genotypic variation of feline calicivirus during persistent infection of cats,https://www.sciencedirect.com/science/article/abs/pii/S0378113597001582?via%3Dihub
"Prevalence of serum antibody titres against feline panleukopenia, herpesvirus and calicivirus infections in stray cats of Milan, Italy",https://www.sciencedirect.com/science/article/abs/pii/S0167587718307554?via%3Dihub
 Molecular detection of feline calicivirus (FCV) in cats with oral lesions ,https://dergipark.org.tr/en/pub/meditvetj/article/1518701
"Chronic oral infections of cats and their relationship to persistent oral carriage of feline calici-, immunodeficiency, or leukemia viruses",https://www.sciencedirect.com/science/article/abs/pii/016524279190048H?via%3Dihub
Inhibitory effects of recombinant feline interferon on the replication of feline enteropathogenic viruses in vitro,https://www.sciencedirect.com/science/article/pii/0378113594900957?via%3Dihub
Detection of Mycoplasma spp. and feline calicivirus in cats with ocular surface disease,https://onlinelibrary.wiley.com/doi/10.1111/vop.13218
"Inactivation of feline calicivirus, a Norwalk virus surrogate",https://www.journalofhospitalinfection.com/article/S0195-6701(99)90037-3/abstract
"Nested Case-Control Study of Feline Calicivirus Viruria, Oral Carriage, and Serum Neutralizing Antibodies in Cats with Idiopathic Cystitis",https://academic.oup.com/jvim/article/25/2/199/8451239?login=false
Transcriptomic analysis of Crandell-Rees feline kidney cell infections with field and vaccine feline calicivirus strains,https://www.sciencedirect.com/science/article/pii/S0168170225001595?via%3Dihub
Suspected Feline Calicivirus Infection Triggering Ulcerative Oral and Skin Lesions in Cats Following Routine Ovariohysterectomy: A Postoperative Risk Assessment,https://onlinelibrary.wiley.com/doi/10.1002/vms3.70540
Antiviral effect of copper chloride on feline calicivirus and synergy with ribavirin in vitro,https://www.researchsquare.com/article/rs-10992/v3
 Rapid Detection of Feline Calicivirus Using Lateral Flow Dipsticks Based on CRISPR/Cas13a System ,https://www.mdpi.com/2076-2615/14/24/3663
Serologic and Virologic Surveys on Feline Herpesvirus and Feline Calicivirus Infections in Cats for Experimental Use,https://www.jstage.jst.go.jp/article/expanim1978/34/3/34_3_241/_article
 Risk of Feline Immunodeficiency Virus (FIV) Infection in Pet Cats in Australia is Higher in Areas of Lower Socioeconomic Status ,https://www.mdpi.com/2076-2615/9/9/592
Investigation of the epidemiology of calicivirus infection of cats using molecular and virus isolation techniques,https://www.sciencedirect.com/science/article/abs/pii/S0147957125000438?via%3Dihub
"A Field Trial to Assess the Effect of Vaccination against Feline Herpesvirus, Feline Calicivirus and Feline Panleucopenia Virus in 6-Week-Old Kittens",https://journals.sagepub.com/doi/10.1053/jfms.2000.0154
Analysis of Genetic Diversity Based on Sequences of Feline Calicivirus Strains Isolated in China,https://onlinelibrary.wiley.com/doi/10.1155/tbed/9924540
Characterization of a continuous feline mammary epithelial cell line susceptible to feline epitheliotropic viruses,https://www.sciencedirect.com/science/article/pii/S0166093408004230?via%3Dihub
Incidence and sero-surveillance of feline viruses in Korean cats residing in Gyeonggi-do,https://www.kjvr.org/journal/view.php?doi=10.14405/kjvr.20220018
Ocular manifestations of feline viral diseases,https://www.sciencedirect.com/science/article/pii/S1090023313006102?via%3Dihub
Genetic and phylogenetic analysis of feline calicivirus isolates in China,https://www.sciencedirect.com/science/article/abs/pii/S1090023316302246?via%3Dihub
Feline calicivirus strain 2280 p30 antagonizes type I interferon-mediated antiviral innate immunity through directly degrading IFNAR1 mRNA,https://journals.plos.org/plospathogens/article?id=10.1371/journal.ppat.1008944
" Isolation and molecular characteristics of a recombinant feline calicivirus from Qingdao, China",https://vrf.iranjournals.ir/article_706635.html
 The molecular pathogenesis of feline calicivirus infection ,https://livrepository.liverpool.ac.uk/4193/
Nucleotide sequence and expression of the capsid protein gene of feline calicivirus,https://journals.asm.org/doi/10.1128/jvi.65.10.5440-5447.1991
Spectrum detection and analysis of the epidemiological characteristics of infectious pathogens in the feline respiratory tract,https://link.springer.com/article/10.1007/s00705-024-06093-5
High-resolution melting analysis for simultaneous detection and discrimination between wild-type and vaccine strains of feline calicivirus,https://www.tandfonline.com/doi/full/10.1080/01652176.2023.2272188
Feline Calicivirus VP2 Is Essential for the Production of Infectious Virions,https://journals.asm.org/doi/10.1128/jvi.79.7.4012-4024.2005
Relevance of feline interferon omega for clinical improvement and reduction of concurrent viral excretion in retrovirus infected cats from a rescue shelter,https://www.sciencedirect.com/science/article/pii/S0034528812003037?via%3Dihub
 Antiviral Effects of Adipose Tissue-Derived Mesenchymal Stem Cells Secretome against Feline Calicivirus and Feline Herpesvirus Type 1 ,https://www.mdpi.com/1999-4915/14/8/1687
FELINE RESPIRATORY VIRUS CARRIERS IN CLINICALLY HEALTHY CATS,https://onlinelibrary.wiley.com/doi/10.1111/j.1751-0813.1981.tb00471.x
"Detection of Protective Antibody Titers against Feline Panleukopenia Virus, Feline Herpesvirus-1, and Feline Calicivirus in Shelter Cats Using a Point-of-Care ELISA",https://journals.sagepub.com/doi/10.1016/j.jfms.2011.07.009
Isolation and molecular characterization of a virulent systemic feline calicivirus isolated in China,https://www.sciencedirect.com/science/article/abs/pii/S1567134818306695?via%3Dihub
Immunisation with a combination of two complementary feline calicivirus strains induces a broad cross-protection against heterologous challenges,https://www.sciencedirect.com/science/article/abs/pii/S0378113504004675?via%3Dihub
Cross-protection among feline caliciviruses,https://journals.asm.org/doi/10.1128/iai.11.5.877-885.1975
Induction of immunity to feline caliciviral disease,https://journals.asm.org/doi/10.1128/iai.11.5.1003-1009.1975
Rapid and simultaneous detection of antibodies against three feline viruses using colloidal gold immunochromatographic assay with smartphone integration,https://link.springer.com/article/10.1007/s00604-025-07373-w
A Nosocomial Outbreak of Feline Calicivirus Associated Virulent Systemic Disease in France,https://journals.sagepub.com/doi/10.1016/j.jfms.2008.12.005
Ability of antibodies to two new caliciviral vaccine strains to neutralise feline calicivirus isolates from the uk,https://bvajournals.onlinelibrary.wiley.com/doi/10.1136/vr.163.12.355
High prevalence of antibodies against feline calicivirus in Australian feral and stray cat (Felis catus) populations,https://onlinelibrary.wiley.com/doi/10.1111/avj.13369
Calicivirus co-infections in herpesvirus pneumonia in kittens,https://www.sciencedirect.com/science/article/abs/pii/S1090023318301060?via%3Dihub
Genetic Evolution and Biological Characteristics of Feline Caliciviruses Isolated from Dogs,https://onlinelibrary.wiley.com/doi/10.1155/2023/1145176
" Prevalence of feline herpesvirus-1, feline calicivirus, Chlamydia felis, and Bordetella bronchiseptica in a population of shelter cats on Prince Edward Island ",https://pubmed.ncbi.nlm.nih.gov/32801452/
" Three-year duration of immunity in cats following vaccination against feline rhinotracheitis virus, feline calicivirus, and feline panleukopenia virus ",https://pubmed.ncbi.nlm.nih.gov/17039444/
Serological Relationships Among Feline Caliciviruses,https://journals.asm.org/doi/10.1128/iai.10.6.1307-1314.1974
2020 AAHA/AAFP Feline Vaccination Guidelines,https://journals.sagepub.com/doi/10.1177/1098612X20941784
 Feline chronic gingivostomatitis: a thorough systematic review of associated factors ,https://pubmed.ncbi.nlm.nih.gov/40231602/
" Identification, Genetic Characterization, and Pathogenicity of Three Feline Herpesvirus Type 1 Isolates from Domestic Cats in China ",https://www.mdpi.com/2306-7381/11/7/285
Sites of persistence of feline calicivirus,https://www.sciencedirect.com/science/article/abs/pii/S0034528818312633?via%3Dihub
Effect of high-dose ciclosporin on the immune response to primary and booster vaccination in immunocompetent cats,https://journals.sagepub.com/doi/10.1177/1098612X14533550
Detection of feline upper respiratory tract disease pathogens using a commercially available real-time PCR test,https://www.sciencedirect.com/science/article/abs/pii/S1090023315003251?via%3Dihub
Comparison of the Sensitivities of Noroviruses and Feline Calicivirus to Chemical Disinfection under Field-Like Conditions,https://journals.asm.org/doi/10.1128/aem.00482-07
Correlation of Genomic Detection of Feline Coronavirus with Various Diagnostic Assays for Feline Infectious Peritonitis,https://journals.sagepub.com/doi/10.1177/104063879801000119
"Clinical, pathological, immunohistochemical and molecular characterization of feline chronic gingivostomatitis",https://journals.sagepub.com/doi/10.1177/1098612X16628578
Nitazoxanide protects cats from feline calicivirus infection and acts synergistically with mizoribine in vitro,https://www.sciencedirect.com/science/article/pii/S0166354220302412?via%3Dihub
"Feline panleukopenia virus, feline herpesvirus-1, and feline calicivirus antibody responses in seronegative specific pathogen-free cats after a single administration of two different modified live FVRCP vaccines",https://journals.sagepub.com/doi/10.1016/j.jfms.2008.05.004
"A feline kidney cell line-based plaque assay for feline calicivirus, a surrogate for Norwalk virus",https://www.sciencedirect.com/science/article/abs/pii/S0166093402002148?via%3Dihub
"Effects of a single dose of an intranasal feline herpesvirus 1, calicivirus, and panleukopenia vaccine on clinical signs and virus shedding after challenge with virulent feline herpesvirus 1",https://journals.sagepub.com/doi/10.1016/j.jfms.2005.12.001
Duration of immunity for canine and feline vaccines: A review,https://www.sciencedirect.com/science/article/abs/pii/S0378113506001489?via%3Dihub
Sequence analysis of feline caliciviruses isolated from the oral cavity of clinically normal domestic cats (Felis catus) in Florida,https://www.sciencedirect.com/science/article/abs/pii/S0034528801904916?via%3Dihub
Serological evidence of exposure of Bornean wild carnivores to feline-related viruses at the domestic animal–wildlife interface,https://onlinelibrary.wiley.com/doi/10.1111/tbed.14549
Apoptosis in Cultured Cells Infected with Feline Calicivirus,https://nyaspubs.onlinelibrary.wiley.com/doi/10.1196/annals.1299.110
Neutralizing epitopes of feline calicivirus,https://link.springer.com/article/10.1007/BF01310763
Characterisation of canine parvovirus strains isolated from cats with feline panleukopenia,https://www.sciencedirect.com/science/article/pii/S0034528810000755?via%3Dihub
Alveolar macrophages are the main target cells in feline calicivirus-associated pneumonia,https://www.sciencedirect.com/science/article/abs/pii/S109002331400183X?via%3Dihub
Isolation of feline herpesvirus-1 and feline calicivirus from healthy cats in Swedish breeding catteries,https://journals.sagepub.com/doi/10.1016/j.jfms.2005.03.002
Genetic and pathogenicity analysis for the two FCV strains isolated from Eastern China,https://link.springer.com/article/10.1007/s11259-023-10167-1
Beyond TFRC: The Pivotal Role of mGluR2 in Feline Calicivirus Entry and Replication ,https://www.mdpi.com/2306-7381/12/10/980
Localized adaptive evolution in VP1 drives antigenic divergence of feline calicivirus despite high sequence conservation,https://link.springer.com/article/10.1186/s13567-026-01778-y
Molecular detection of feline calicivirus in clinical samples: A study comparing its detection by RT-qPCR directly from swabs and after virus isolation,https://www.sciencedirect.com/science/article/abs/pii/S0166093416307121?via%3Dihub
Isolation and phylogenetic analysis of feline calicivirus strains from various region of China,https://link.springer.com/article/10.1186/s44149-022-00047-7
Assembly of feline calicivirus-like particle and its immunogenicity,https://www.sciencedirect.com/science/article/abs/pii/S0378113506004238?via%3Dihub
Detection and strain differentiation of feline calicivirus in conjunctival swabs by RT-PCR of the hypervariable region of the capsid protein gene,https://link.springer.com/article/10.1007/s007050050378
"Survival on uncommon fomites of feline calicivirus, a surrogate of noroviruses",https://www.ajicjournal.org/article/S0196-6553(05)00579-1/fulltext
Chapter 35 - Feline Viral Upper Respiratory Disease,https://www.sciencedirect.com/science/chapter/edited-volume/pii/B9780721687063500396?via%3Dihub
"Survival on uncommon fomites of feline calicivirus, a surrogate of noroviruses",https://www.ajicjournal.org/article/S0196-6553(05)00579-1/fulltext
Chapter 35 - Feline Viral Upper Respiratory Disease,https://www.sciencedirect.com/science/chapter/edited-volume/pii/B9780721687063500396?via%3Dihub
Susceptibility of feline herpesvirus 1 and a feline calicivirus to feline interferon and recombinant human leukocyte interferons,https://journals.asm.org/doi/10.1128/aac.28.5.698
Intranasal immunization with inactivated feline calicivirus particles confers robust protection against homologous virus and suppression against heterologous virus in cats,https://www.microbiologyresearch.org/content/journal/jgv/10.1099/jgv.0.000827
Attempts to serologically classify feline caliciviruses on a national and an international basis,https://journals.asm.org/doi/10.1128/iai.14.4.876-881.1976
"Icariin, Formononetin and Caffeic Acid Phenethyl Ester Inhibit Feline Calicivirus Replication In Vitro",https://link.springer.com/article/10.1007/s00705-021-05107-w
 Virus-specific antiviral treatment for controlling severe and fatal outbreaks of feline calicivirus infection ,https://avmajournals.avma.org/view/journals/ajvr/69/1/ajvr.69.1.23.xml
Genetic characterization and strain differentiation of feline Calicivirus among cat population in Thailand by high resolution melting analysis,https://digiverse.chula.ac.th/Info/item/dc:54456
 Evaluating Neutralizing Antibody Titers by Recombinant Feline Calicivirus with Heterologous Capsid Protein VP1 ,https://www.mdpi.com/2076-2615/16/8/1237
An update on feline viral respiratory disease,https://www.tandfonline.com/doi/abs/10.1080/01652176.1997.9694806
"Prevalence of feline herpesvirus 1, feline calicivirus and Chlamydophila felis in clinically normal cats at a Korean animal shelter ",https://vetsci.org/DOIx.php?id=10.4142/jvs.2008.9.2.207
Establishment of a reverse genetics system for virulent systemic feline calicivirus using circular polymerase extension reaction,https://www.sciencedirect.com/science/article/abs/pii/S0166093424001551?via%3Dihub
"Prevalence of feline herpesvirus 1, feline calicivirus and Chlamydophila felis in clinically normal cats at a Korean animal shelter ",https://vetsci.org/DOIx.php?id=10.4142/jvs.2008.9.2.207
Establishment of a reverse genetics system for virulent systemic feline calicivirus using circular polymerase extension reaction,https://www.sciencedirect.com/science/article/abs/pii/S0166093424001551?via%3Dihub
" The Enhancement of Immunity Gained from Feline Trivalent Vaccines in Mice Using Feline IL-15, IL-23 and Metabolic Regulatory Molecules ",https://www.mdpi.com/2079-7737/14/7/834
Efficacy of Intranasal Administration of a Modified Live Feline Herpesvirus 1 and Feline Calicivirus Vaccine against Disease Caused by Bordetella bronchiseptica after Experimental Challenge,https://academic.oup.com/jvim/article/26/5/1121/8451587?login=false
Isolation of Enzymatically Active Replication Complexes from Feline Calicivirus-Infected Cells,https://journals.asm.org/doi/10.1128/jvi.76.17.8582-8595.2002
Recovery and Altered Neutralization Specificities of Chimeric Viruses Containing Capsid Protein Domain Exchanges from Antigenically Distinct Strains of Feline Calicivirus,https://journals.asm.org/doi/10.1128/jvi.74.3.1079-1084.2000
Post-exposure Treatment of Cats with Mouse-Cat Chimeric Antibodies against Feline Herpesvirus Type 1 and Feline Calicivirus,https://www.jstage.jst.go.jp/article/jvms/64/11/64_11_1017/_article
Prevalence of feline calicivirus in Korean cats determined by an improved real-time RT-PCR assay,https://www.kojvs.org/journal/view.html?doi=10.7853/kjvs.2023.46.2.123
Cessation of feline calicivirus shedding coincident with resolution of chronic gingivostomatitis in a cat,https://onlinelibrary.wiley.com/doi/10.1111/j.1748-5827.2003.tb00140.x
Comparison of the antiviral activity of flavonoids against murine norovirus and feline calicivirus,https://www.sciencedirect.com/science/article/abs/pii/S0956713515301110?via%3Dihub
Feline calicivirus strain differentiation using monoclonal antibody analysis in an enzyme-linked immuno-flow-assay,https://www.sciencedirect.com/science/article/pii/037811359600017X?via%3Dihub
Development of a fluorescence isothermal recombinase polymerase amplification assay for rapid detection of feline calicivirus,https://www.sciencedirect.com/science/article/abs/pii/S0166093425001685?via%3Dihub
The biological effects of five feline IFN-α subtypes,https://www.sciencedirect.com/science/article/abs/pii/S0165242704000492?via%3Dihub
Development of a novel single step reverse genetics system for feline calicivirus,https://www.sciencedirect.com/science/article/abs/pii/S0166093414002602?via%3Dihub
 Management of Chronic Ginggivostomatitis In Local Cats With A History of Recovery From Feline Calici Virus ,https://e-journal.unair.ac.id/JAVEST/article/view/64798
"Patterns of seroprevalence of feline viruses among domestic cats (Felis catus) and Pallas’ cats (Otocolobus manul) in Daursky Reserve, Russia",https://cdnsciencepub.com/doi/10.1139/cjz-2015-0006
Phylogenetic analysis of feline calicivirus capsid gene in infected cats,https://www.jstage.jst.go.jp/article/sbk1951/46/1/46_1_7/_article
 Feline caliciviral disease: experimental immunoprophylaxis ,https://pubmed.ncbi.nlm.nih.gov/1259224/
 Virome of a Feline Outbreak of Diarrhea and Vomiting Includes Bocaviruses and a Novel Chapparvovirus ,https://www.mdpi.com/1999-4915/12/5/506
The Feline Calicivirus Leader of the Capsid Protein Is Associated with Cytopathic Effect,https://journals.asm.org/doi/10.1128/jvi.02480-12
" Cross-species characterization of feline parvovirus and Feline-Origin canine parvovirus Southern China (2023-2024): insights into epidemiology, genetic evolution and recombination ",https://pubmed.ncbi.nlm.nih.gov/41053788/
Development of a cross-priming isothermal amplification assay based on the glycoprotein B gene for instant and rapid detection of feline herpesvirus type 1,https://link.springer.com/article/10.1007/s00705-020-04526-5
Different stabilities to bile among feline calicivirus strains of respiratory and enteric origin,https://www.sciencedirect.com/science/article/pii/037811359290087A?via%3Dihub
 In vitro antiviral effect of germacrone on feline calicivirus,https://link.springer.com/article/10.1007/s00705-016-2825-8
 Feline Calicivirus Prevalence among Cats in Turkey's Kayseri Province ,https://avesis.erciyes.edu.tr/yayin/e405c511-12bf-41b6-b22e-ab6a2d5ab238/feline-calicivirus-prevalence-among-cats-in-turkeys-kayseri-province
Capsid Protein Genetic Analysis and Viral Spread to the Spinal Cord in Cats Experimentally Infected with Feline Calicivirus (FCV),https://link.springer.com/article/10.1007/s11259-005-9140-2
"Genetic and phylogenetic analysis of capsid gene of feline calicivirus in Nanjing, China",https://www.sciencedirect.com/science/article/pii/S1567134822001204?via%3Dihub
A novel replication-deficient feline herpesvirus type 1 vector-based vaccine provides strong immune protection in cats,https://journals.asm.org/doi/10.1128/jvi.02188-25
Effect of modified live or inactivated feline herpesvirus-1 parenteral vaccines on clinical and laboratory findings following viral challenge,https://journals.sagepub.com/doi/10.1177/1098612X16659333
 Long-term immunity in cats vaccinated with an inactivated trivalent vaccine ,https://avmajournals.avma.org/view/journals/ajvr/60/5/ajvr.1999.60.05.652.xml
Feline Herpesvirus 1 and Mycoplasma spp. Conventional PCR Assay Results From Conjunctival Samples From Cats in Shelters With Suspected Acute Ocular Infections,https://www.sciencedirect.com/science/article/abs/pii/S1938973618300382?via%3Dihub
Activation of the TLR2/NF-κB signaling axis by capsid proteinVP1 of feline calicivirus promotes IL-1β expression in vitro,https://www.sciencedirect.com/science/article/abs/pii/S0378113525003281?via%3Dihub
 Antigenic change in feline calicivirus during persistent infection ,https://pubmed.ncbi.nlm.nih.gov/1335833/
Feline immunodeficiency virus (FIV) infection leads to increased incidence of feline odontoclastic resorptive lesions (FORL),https://www.sciencedirect.com/science/article/pii/S0165242798001639?via%3Dihub
Development and validation of a TaqMan real-time reverse transcription-PCR for rapid detection of feline calicivirus,https://link.springer.com/article/10.1007/s00705-009-0337-5
" Comparison of PCR, Nested PCR, and RT-LAMP for Rapid Detection of Feline Calicivirus Infection in Clinical Samples ",