Chapter 10 - Feline Infectious Peritonitis (Feline Coronavirus),https://www.sciencedirect.com/science/chapter/monograph/pii/B0721604226500127?via%3Dihub
Changes in some acute phase protein and immunoglobulin concentrations in cats affected by feline infectious peritonitis or exposed to feline coronavirus infection,https://www.sciencedirect.com/science/article/pii/S1090023303000558?via%3Dihub
A review of feline infectious peritonitis virus infection,https://veterinaryworld.org/Vol.17/November-2024/1.php
Feline infectious peritonitis: insights into feline coronavirus pathobiogenesis and epidemiology based on genetic analysis of the viral 3c gene,https://www.microbiologyresearch.org/content/journal/jgv/10.1099/vir.0.016485-0
Risk factors for feline infectious peritonitis in Australian cats,https://journals.sagepub.com/doi/10.1177/1098612X12441875
"Clinicopathological findings associated with feline infectious peritonitis in Sydney, Australia: 42 cases (1990–2002)",https://onlinelibrary.wiley.com/doi/10.1111/j.1751-0813.2005.tb13044.x
Immunologic phenomena in the effusive form of feline infectious peritonitis,https://pubmed.ncbi.nlm.nih.gov/6254400/
Risk factors for feline infectious peritonitis among cats in multiple-cat environments with endemic feline enteric coronavirus,https://pubmed.ncbi.nlm.nih.gov/9143536/
Feline Infectious Peritonitis Viruses Arise by Mutation from Endemic Feline Enteric Coronaviruses,https://www.sciencedirect.com/science/article/pii/S0042682298990456?via%3Dihub
Limitations of using feline coronavirus spike protein gene mutations to diagnose feline infectious peritonitis,https://link.springer.com/article/10.1186/s13567-017-0467-9
Serologic Studies of Naturally Occurring Feline Infectious Peritonitis,https://doi.org/10.2460/ajvr.1976.37.12.1449
Prevalence of feline infectious peritonitis in specific cat breeds,https://journals.sagepub.com/doi/10.1016/j.jfms.2005.04.003
Long-term follow-up of cats in complete remission after treatment of feline infectious peritonitis with oral GS-441524,https://journals.sagepub.com/doi/10.1177/1098612X231183250
Feline infectious peritonitis epizootic caused by a recombinant coronavirus,https://pubmed.ncbi.nlm.nih.gov/40633571/
Clinicopathological findings and disease staging of feline infectious peritonitis: 51 cases from 2003 to 2009 in Taiwan,https://journals.sagepub.com/doi/10.1016/j.jfms.2010.09.014
Efficacy and safety of the nucleoside analog GS-441524 for treatment of cats with naturally occurring feline infectious peritonitis,https://journals.sagepub.com/doi/10.1177/1098612X19825701
The nucleoside analog GS-441524 strongly inhibits feline infectious peritonitis (FIP) virus in tissue culture and experimental cat infection studies,https://www.sciencedirect.com/science/article/pii/S0378113518301603?via%3Dihub
Amino acid changes in the spike protein of feline coronavirus correlate with systemic spread of virus from the intestine and not with feline infectious peritonitis,https://link.springer.com/article/10.1186/1297-9716-45-49
Thirty-two cats with effusive or non-effusive feline infectious peritonitis treated with a combination of remdesivir and GS-441524,https://academic.oup.com/jvim/article/37/5/1784/8447739
Epidemiology of feline infectious peritonitis among cats examined at veterinary medical teaching hospitals,https://avmajournals.avma.org/view/journals/javma/218/7/javma.2001.218.1111.xml
Morphogenesis of a virus in cats with experimental feline infectious peritonitis,https://www.sciencedirect.com/science/article/pii/004268227090070X?via%3Dihub
Detection of feline coronavirus spike gene mutations as a tool to diagnose feline infectious peritonitis,https://journals.sagepub.com/doi/10.1177/1098612X15623824
Detection of feline coronavirus in cerebrospinal fluid for diagnosis of feline infectious peritonitis in cats with and without neurological signs,https://journals.sagepub.com/doi/10.1177/1098612X15574757
Antiviral treatment using the adenosine nucleoside analogue GS-441524 in cats with clinically diagnosed neurological feline infectious peritonitis,https://academic.oup.com/jvim/article/34/4/1587/8448359
Prevalence of feline coronavirus types I and II in cats with histopathologically verified feline infectious peritonitis,https://www.sciencedirect.com/science/article/pii/S0378113503003821?via%3Dihub
Chapter 10 - Feline Infectious Peritonitis (Feline Coronavirus),https://www.sciencedirect.com/science/chapter/monograph/pii/B0721604226500127?via%3Dihub
Changes in some acute phase protein and immunoglobulin concentrations in cats affected by feline infectious peritonitis or exposed to feline coronavirus infection,https://www.sciencedirect.com/science/article/pii/S1090023303000558?via%3Dihub
A review of feline infectious peritonitis virus infection,https://veterinaryworld.org/Vol.17/November-2024/1.php
Feline infectious peritonitis: insights into feline coronavirus pathobiogenesis and epidemiology based on genetic analysis of the viral 3c gene,https://www.microbiologyresearch.org/content/journal/jgv/10.1099/vir.0.016485-0
Risk factors for feline infectious peritonitis in Australian cats,https://journals.sagepub.com/doi/10.1177/1098612X12441875
"Clinicopathological findings associated with feline infectious peritonitis in Sydney, Australia: 42 cases (1990–2002)",https://onlinelibrary.wiley.com/doi/10.1111/j.1751-0813.2005.tb13044.x
"Outcomes of treatment of cats with feline infectious peritonitis using parenterally administered remdesivir, with or without transition to orally administered GS-441524",https://academic.oup.com/jvim/article/37/5/1772/8447774?login=false
 Immunologic phenomena in the effusive form of feline infectious peritonitis ,https://pubmed.ncbi.nlm.nih.gov/6254400/
 Risk factors for feline infectious peritonitis among cats in multiple-cat environments with endemic feline enteric coronavirus ,https://pubmed.ncbi.nlm.nih.gov/9143536/
Feline Infectious Peritonitis Viruses Arise by Mutation from Endemic Feline Enteric Coronaviruses,https://www.sciencedirect.com/science/article/pii/S0042682298990456?via%3Dihub
Limitations of using feline coronavirus spike protein gene mutations to diagnose feline infectious peritonitis,https://link.springer.com/article/10.1186/s13567-017-0467-9
 Serologic Studies of Naturally Occurring Feline Infectious Peritonitis ,https://avmajournals.avma.org/view/journals/ajvr/37/12/ajvr.1976.37.12.1449.xml
Prevalence of feline infectious peritonitis in specific cat breeds,https://journals.sagepub.com/doi/10.1016/j.jfms.2005.04.003
"Feline infectious peritonitis: A comprehensive evaluation of clinical manifestations,laboratory diagnosis, and therapeutic approaches
laboratory diagnosis, and therapeutic approaches",https://www.ejmanager.com/mnstemps/39/39-1701664088.pdf?t=1780889495
Long-term follow-up of cats in complete remission after treatment of feline infectious peritonitis with oral GS-441524,https://journals.sagepub.com/doi/10.1177/1098612X231183250
 Feline infectious peritonitis epizootic caused by a recombinant coronavirus ,https://pubmed.ncbi.nlm.nih.gov/40633571/
Antiviral treatment using the adenosine nucleoside analogue GS-441524 in cats with clinically diagnosed neurological feline infectious peritonitis,https://academic.oup.com/jvim/article/34/4/1587/8448359?login=false
Clinicopathological findings and disease staging of feline infectious peritonitis: 51 cases from 2003 to 2009 in Taiwan,https://journals.sagepub.com/doi/10.1016/j.jfms.2010.09.014
Efficacy and safety of the nucleoside analog GS-441524 for treatment of cats with naturally occurring feline infectious peritonitis,https://journals.sagepub.com/doi/10.1177/1098612X19825701
Thirty-two cats with effusive or non-effusive feline infectious peritonitis treated with a combination of remdesivir and GS-441524,https://academic.oup.com/jvim/article/37/5/1784/8447739?login=false
The nucleoside analog GS-441524 strongly inhibits feline infectious peritonitis (FIP) virus in tissue culture and experimental cat infection studies,https://www.sciencedirect.com/science/article/pii/S0378113518301603?via%3Dihub
Amino acid changes in the spike protein of feline coronavirus correlate with systemic spread of virus from the intestine and not with feline infectious peritonitis,https://link.springer.com/article/10.1186/1297-9716-45-49
 Epidemiology of feline infectious peritonitis among cats examined at veterinary medical teaching hospitals ,https://avmajournals.avma.org/view/journals/javma/218/7/javma.2001.218.1111.xml
Morphogenesis of a virus in cats with experimental feline infectious peritonitis,https://www.sciencedirect.com/science/article/pii/004268227090070X?via%3Dihub
Detection of feline coronavirus spike gene mutations as a tool to diagnose feline infectious peritonitis,https://journals.sagepub.com/doi/10.1177/1098612X15623824
Detection of feline coronavirus in cerebrospinal fluid for diagnosis of feline infectious peritonitis in cats with and without neurological signs,https://journals.sagepub.com/doi/10.1177/1098612X15574757
Legal treatment of feline infectious peritonitis in the Netherlands,https://journals.sagepub.com/doi/10.1177/1098612X251407741
Comparison of the performance of laboratory tests in the diagnosis of feline infectious peritonitis,https://journals.sagepub.com/doi/10.1177/1040638718756460
 Pathogenesis of Feline Infectious Peritonitis: Pathologic Changes and Immunofluorescence,https://avmajournals.avma.org/view/journals/ajvr/42/12/ajvr.1981.42.12.2036.xml
Laboratory Profiles in Cats with Different Pathological and Immunohistochemical Findings Due to Feline Infectious Peritonitis (FIP),https://journals.sagepub.com/doi/10.1053/jfms.2001.0126
 Pathogenesis of feline infectious peritonitis: nature and development of viremia ,https://pubmed.ncbi.nlm.nih.gov/6267961/
 An enteric coronavirus infection of cats and its relationship to feline infectious peritonitis ,https://pubmed.ncbi.nlm.nih.gov/6267960/
Current status on treatment options for feline infectious peritonitis and SARS-CoV-2 positive cats,https://www.tandfonline.com/doi/full/10.1080/01652176.2020.1845917
 Curing Cats with Feline Infectious Peritonitis with an Oral Multi-Component Drug Containing GS-441524 ,https://www.mdpi.com/1999-4915/13/11/2228
Advances in Molecular Diagnostics and Treatment of Feline Infectious Peritonitis,https://www.sciencedirect.com/science/article/abs/pii/S2666450X20300110?via%3Dihub
Genotyping coronaviruses associated with feline infectious peritonitis,https://www.microbiologyresearch.org/content/journal/jgv/10.1099/vir.0.000084
Morphologic Features and Development of Granulomatous Vasculitis in Feline Infectious Peritonitis,https://journals.sagepub.com/doi/10.1354/vp.42-3-321
Recommendations from workshops of the second international feline coronavirus/feline infectious peritonitis symposium,https://journals.sagepub.com/doi/10.1016/j.jfms.2003.12.009
Value of α1-acid glycoprotein in the diagnosis of feline infectious peritonitis,https://bvajournals.onlinelibrary.wiley.com/doi/10.1136/vr.141.12.299
Stopping Feline Coronavirus Shedding Prevented Feline Infectious Peritonitis,https://www.mdpi.com/1999-4915/15/4/818
Treatment of feline infectious peritonitis in cats with molnupiravir: clinical observations and outcomes for 54 cases,https://onlinelibrary.wiley.com/doi/10.1111/avj.13433
Efficacy of a 3C-like protease inhibitor in treating various forms of acquired feline infectious peritonitis,https://journals.sagepub.com/doi/10.1177/1098612X17729626
Feline infectious peritonitis: Role of the feline coronavirus 3c gene in intestinal tropism and pathogenicity based upon isolates from resident and adopted shelter cats,https://www.sciencedirect.com/science/article/pii/S0168170211005156?via%3Dihub
" Serologic, Virologic and Pathologic Features of Cats with Naturally Occurring Feline Infectious Peritonitis Enrolled in Antiviral Clinical Trials",https://www.mdpi.com/1999-4915/16/3/462
Two related strains of feline infectious peritonitis virus isolated from immunocompromised cats infected with a feline enteric coronavirus,https://journals.asm.org/doi/10.1128/jcm.34.12.3180-3184.1996
Molnupiravir treatment of 18 cats with feline infectious peritonitis: A case series,https://academic.oup.com/jvim/article/37/5/1876/8447875?login=false
Retrospective study and outcome of 307 cats with feline infectious peritonitis treated with legally sourced veterinary compounded preparations of remdesivir and GS-441524 (2020–2022),https://journals.sagepub.com/doi/10.1177/1098612X231194460
 Feline Infectious Peritonitis as a Systemic Inflammatory Disease: Contribution of Liver and Heart to the Pathogenesis ,https://www.mdpi.com/1999-4915/11/12/1144
"Randomized, Placebo Controlled Study of the Effect of Propentofylline on Survival Time and Quality of Life of Cats with Feline Infectious Peritonitis",https://academic.oup.com/jvim/article/25/6/1270/8451285?login=false
Usefulness of acute phase proteins in differentiating between feline infectious peritonitis and other diseases in cats with body cavity effusions,https://journals.sagepub.com/doi/10.1177/1098612X16658925
Pathological findings and patterns of feline infectious peritonitis in the respiratory tract of cats,https://www.sciencedirect.com/science/article/abs/pii/S002199752400015X?via%3Dihub
 Fecal Feline Coronavirus RNA Shedding and Spike Gene Mutations in Cats with Feline Infectious Peritonitis Treated with GS-441524 ,https://www.mdpi.com/1999-4915/14/5/1069
"A Comparison of Lymphatic Tissues from Cats with Spontaneous Feline Infectious Peritonitis (FIP), Cats with FIP Virus Infection but no FIP, and Cats with no Infection",https://www.sciencedirect.com/science/article/abs/pii/S0021997501905018?via%3Dihub
Abdominal ultrasonographic findings of cats with feline infectious peritonitis: an update,https://journals.sagepub.com/doi/10.1177/1098612X231216000
 From Challenge to Cure: A Look at Feline Infectious Peritonitis and Emerging Treatment Strategies and Breakthroughs ,https://pubmed.ncbi.nlm.nih.gov/40711310/
Evaluation of selected inflammatory markers in cats with feline infectious peritonitis before and after therapy,https://link.springer.com/article/10.1186/s12917-025-04731-x
"A retrospective study of clinical and laboratory features and treatment on cats highly suspected of feline infectious peritonitis in Wuhan, China",https://www.nature.com/articles/s41598-021-84754-0
An outbreak of feline infectious peritonitis in a Taiwanese shelter: epidemiologic and molecular evidence for horizontal transmission of a novel type II feline coronavirus,https://link.springer.com/article/10.1186/1297-9716-44-57
Assessing the feasibility of applying machine learning to diagnosing non-effusive feline infectious peritonitis,https://www.nature.com/articles/s41598-024-52577-4
 Ocular Manifestations of Feline Infectious Peritonitis ,https://avmajournals.avma.org/view/journals/javma/159/4/javma.1971.159.04.417.xml
 Significance of Coronavirus Mutants in Feces and Diseased Tissues of Cats Suffering from Feline Infectious Peritonitis ,https://www.mdpi.com/1999-4915/1/2/166
Use of recombinant feline interferon and glucocorticoid in the treatment of feline infectious peritonitis,https://journals.sagepub.com/doi/10.1016/j.jfms.2003.08.011
Effect of chloroquine on feline infectious peritonitis virus infection in vitro and in vivo,https://www.sciencedirect.com/science/article/pii/S0166354213001150?via%3Dihub
 Efficacy of oral remdesivir in treating feline infectious peritonitis: a prospective observational study of 29 cats ,https://pubmed.ncbi.nlm.nih.gov/40424099/
B-cell activation in cats with feline infectious peritonitis (FIP) by FIP-virus-induced B-cell differentiation/survival factors,https://link.springer.com/article/10.1007/s00705-008-0265-9
A retrospective study of the neuropathology and diagnosis of naturally occurring feline infectious peritonitis,https://journals.sagepub.com/doi/10.1177/1040638718755833
The virology and pathogenesis of feline infectious peritonitis,https://link.springer.com/article/10.1007/BF01317889
 Unlicensed GS-441524-Like Antiviral Therapy Can Be Effective for at-Home Treatment of Feline Infectious Peritonitis ,https://www.mdpi.com/2076-2615/11/8/2257
Feline infectious peritonitis: answers to frequently asked questions concerning FIP and coronavirus,https://www.tandfonline.com/doi/full/10.1080/17415349.2019.1629366
 An uncommon intestinal manifestation of feline infectious peritonitis: 26 cases (1986-1993) ,https://pubmed.ncbi.nlm.nih.gov/8800260/
Open label clinical trial of orally administered molnupiravir as a first-line treatment for naturally occurring effusive feline infectious peritonitis,https://academic.oup.com/jvim/article/38/6/3087/8448502?login=false
Shifts in circulating lymphocyte subsets in cats with feline infectious peritonitis (FIP): pathogenic role and diagnostic relevance,https://www.sciencedirect.com/science/article/pii/S0165242703001569?via%3Dihub
Outbreak of feline infectious peritonitis (FIP) in shelter-housed cats: molecular analysis of the feline coronavirus S1/S2 cleavage site consistent with a ‘circulating virulent–avirulent theory’ of FIP pathogenesis,https://journals.sagepub.com/doi/10.1177/20551169221074226
Apoptosis and T-cell depletion during feline infectious peritonitis,https://journals.asm.org/doi/10.1128/jvi.70.12.8977-8983.1996
Cellular composition and interferon-γ expression of the local inflammatory response in feline infectious peritonitis (FIP),https://www.sciencedirect.com/science/article/pii/S0378113505002452?via%3Dihub
Antibody and cytokine responses in kittens during the development of feline infectious peritonitis (FIP),https://www.sciencedirect.com/science/article/pii/S0165242798001561?via%3Dihub
Feline leucocyte antigen class II polymorphism and susceptibility to feline infectious peritonitis,https://journals.sagepub.com/doi/10.1016/j.jfms.2003.12.010
Monoclonal antibodies to the spike protein of feline infectious peritonitis virus mediate antibody-dependent enhancement of infection of feline macrophages,https://journals.asm.org/doi/10.1128/jvi.66.2.956-965.1992
Current treatment options for feline infectious peritonitis in the UK,https://www.magonlinelibrary.com/doi/abs/10.12968/coan.2022.0016
Ocular findings in cats with feline infectious peritonitis treated with GS-441524: a preliminary prospective study of 118 cases ,https://pubmed.ncbi.nlm.nih.gov/41644507/
Clinical Follow-Up and Postmortem Findings in a Cat That Was Cured of Feline Infectious Peritonitis with an Oral Antiviral Drug Containing GS-441524,https://www.mdpi.com/1999-4915/14/9/2040
Antibody-mediated enhancement of disease in feline infectious peritonitis: Comparisons with dengue hemorrhagic fever,https://www.sciencedirect.com/science/article/pii/0147957181900035?via%3Dihub
Genetic susceptibility to feline infectious peritonitis in Birman cats,https://www.sciencedirect.com/science/article/pii/S0168170213001238?via%3Dihub
 Diagnosis and clinical signs of feline infectious peritonitis in the central nervous system ,https://pubmed.ncbi.nlm.nih.gov/20046611/
Sensitivity and specificity of a real-time reverse transcriptase polymerase chain reaction detecting feline coronavirus mutations in effusion and serum/plasma of cats to diagnose feline infectious peritonitis,https://link.springer.com/article/10.1186/s12917-017-1147-8
 Detection of Feline Coronavirus Variants in Cats without Feline Infectious Peritonitis ,https://www.mdpi.com/1999-4915/14/8/1671
 Detection of Feline Coronavirus RNA in Cats with Feline Infectious Peritonitis and Their Housemates ,https://www.mdpi.com/1999-4915/17/7/948
31 - Feline Coronavirus Infections,https://www.sciencedirect.com/science/chapter/edited-volume/abs/pii/B9780323509343000318?via%3Dihub
The influence of age and genetics on natural resistance to experimentally induced feline infectious peritonitis,https://www.sciencedirect.com/science/article/pii/S0165242714001998?via%3Dihub
"Levels of feline infectious peritonitis virus in blood, effusions, and various tissues and the role of lymphopenia in disease outcome following experimental infection",https://www.sciencedirect.com/science/article/pii/S0378113514005033?via%3Dihub
Feline Infectious Peritonitis,https://link.springer.com/chapter/10.1007/978-1-4899-1531-3_14
 Update on Treatment of Feline Infectious Peritonitis: European Advisory Board on Cat Diseases (ABCD) Guidelines ,https://www.mdpi.com/1999-4915/18/4/452
Acquisition of Macrophage Tropism during the Pathogenesis of Feline Infectious Peritonitis Is Determined by Mutations in the Feline Coronavirus Spike Protein,https://journals.asm.org/doi/10.1128/jvi.79.22.14122-14130.2005
Positive immunostaining for feline infectious peritonitis (FIP) in a Sphinx cat with cutaneous lesions and bilateral panuveitis,https://onlinelibrary.wiley.com/doi/10.1111/vop.12044
Pathogenesis of oral type I feline infectious peritonitis virus (FIPV) infection: Antibody-dependent enhancement infection of cats with type I FIPV via the oral route,https://www.jstage.jst.go.jp/article/jvms/81/6/81_18-0702/_article
 IL-6 activity in feline infectious peritonitis ,https://pubmed.ncbi.nlm.nih.gov/2156926/
Feline infectious peritonitis,https://onlinelibrary.wiley.com/doi/10.1111/j.1748-5827.1971.tb06225.x
 Clinical trial of molnupiravir with or without an oral immune stimulant as a first-line treatment of feline infectious peritonitis ,https://pubmed.ncbi.nlm.nih.gov/41271599/
" Treatment of non-effusive feline infectious peritonitis using oral remdesivir or GS-441524: a randomized, double-blind, non-inferiority trial ",https://pubmed.ncbi.nlm.nih.gov/41781382/
Deletions in the 7a ORF of feline coronavirus associated with an epidemic of feline infectious peritonitis,https://www.sciencedirect.com/science/article/pii/S0378113501003546?via%3Dihub
Characteristic clinical signs and blood parameters in cats with Feline Infectious Peritonitis,https://kasetsartjournal.ku.ac.th/abstractShow.aspx?param=YXJ0aWNsZUlEPTYyOTd8bWVkaWFJRD02NTYy
Feline coronavirus quantitative reverse transcriptase polymerase chain reaction on effusion samples in cats with and without feline infectious peritonitis,https://journals.sagepub.com/doi/10.1177/1098612X15606957
Phylogenetic Analysis of Feline Coronavirus Strains in an Epizootic Outbreak of Feline Infectious Peritonitis,https://academic.oup.com/jvim/article/27/3/445/8451911?login=false
Early death after feline infectious peritonitis virus challenge due to recombinant vaccinia virus immunization,https://journals.asm.org/doi/10.1128/jvi.64.3.1407-1409.1990
Rapid Resolution of Non-Effusive Feline Infectious Peritonitis Uveitis with an Oral Adenosine Nucleoside Analogue and Feline Interferon Omega,https://www.mdpi.com/1999-4915/12/11/1216
Genetic diversity and correlation with feline infectious peritonitis of feline coronavirus type I and II: A 5-year study in Taiwan,https://www.sciencedirect.com/science/article/pii/S037811350800535X?via%3Dihub
 Clinical and Molecular Relationships between COVID-19 and Feline Infectious Peritonitis (FIP) ,https://www.mdpi.com/1999-4915/14/3/481
Feline Infectious Peritonitis: Immunohistochemical Features of Ocular Inflammation and the Distribution of Viral Antigens in Structures of the Eye,https://journals.sagepub.com/doi/10.1177/0300985817728557
 Efficacy of GS-441524 for Feline Infectious Peritonitis: A Systematic Review (2018–2024) ,https://www.mdpi.com/2076-0817/14/7/717
Antigenic relationship of the feline infectious peritonitis virus to coronaviruses of other species,https://link.springer.com/article/10.1007/BF01315534
Diagnostic Methods for Feline Coronavirus: A Review,https://onlinelibrary.wiley.com/doi/10.4061/2010/809480
Feline infectious peritonitis virus-associated rhinitis in a cat,https://journals.sagepub.com/doi/10.1177/2055116920930582
Development of feline infectious peritonitis diagnosis system by using CatBoost algorithm,https://www.sciencedirect.com/science/article/abs/pii/S1476927124002159?via%3Dihub
Laboratory Changes Consistent with Feline Infectious Peritonitis in Cats from Multicat Environments,https://onlinelibrary.wiley.com/doi/10.1046/j.1439-0442.2002.00494.x
 Feline Coronavirus Antivirals: A Review ,https://www.mdpi.com/2076-0817/10/9/1150
Clinical and Immunological Characteristics of Cats Affected by Feline Infectious Peritonitis,https://actavet.vfu.cz/69/1/0051/
" Concordance between Histology, Immunohistochemistry, and RT-PCR in the Diagnosis of Feline Infectious Peritonitis ",https://www.mdpi.com/2076-0817/9/10/852
Clinicopathologic Features of a Systemic Coronavirus-Associated Disease Resembling Feline Infectious Peritonitis in the Domestic Ferret (Mustela putorius),https://journals.sagepub.com/doi/10.1354/vp.45-2-236
Genetic determinants of pathogenesis by feline infectious peritonitis virus,https://www.sciencedirect.com/science/article/pii/S0165242711002182?via%3Dihub
Extraperitoneal Lesions in Feline Infectious Peritonitis,https://journals.sagepub.com/doi/10.1177/030098587200900204
Placebo-controlled evaluation of a modified life virus vaccine against feline infectious peritonitis: safety and efficacy under field conditions,https://www.sciencedirect.com/science/article/pii/S0264410X97000066?via%3Dihub
SCIENTIFIC INFORMATION DOCUMENT Feline infectious peritonitis,https://onlinelibrary.wiley.com/doi/10.1111/j.1748-5827.1998.tb03691.x
Some aspects of humoral and cellular immunity in naturally occuring feline infectious peritonitis,https://www.sciencedirect.com/science/article/pii/S016524279800155X?via%3Dihub
Discrepancies between feline coronavirus antibody and nucleic acid detection in effusions of cats with suspected feline infectious peritonitis,https://www.sciencedirect.com/science/article/pii/S0034528817306495?via%3Dihub
Retrospective analysis of seizures associated with feline infectious peritonitis in cats,https://journals.sagepub.com/doi/10.1016/j.jfms.2007.06.004
Mutations of 3c and spike protein genes correlate with the occurrence of feline infectious peritonitis,https://www.sciencedirect.com/science/article/pii/S0378113514003551?via%3Dihub
Biological and pathological consequences of feline infectious peritonitis virus infection in the cheetah,https://link.springer.com/article/10.1007/BF01310822
 Disseminated intravascular coagulation in experimentally induced feline infectious peritonitis ,https://pubmed.ncbi.nlm.nih.gov/6250426/
Protease inhibitor GC376 for COVID-19: Lessons learned from feline infectious peritonitis,https://www.sciencedirect.com/science/article/pii/S204908012030546X?via%3Dihub
Detection of feline coronavirus mutations in paraffin-embedded tissues in cats with feline infectious peritonitis and controls,https://journals.sagepub.com/doi/10.1177/1098612X18762883
Diagnostic utility of cerebrospinal fluid immunocytochemistry for diagnosis of feline infectious peritonitis manifesting in the central nervous system,https://journals.sagepub.com/doi/10.1177/1098612X16640839
 Clinical Features and Outcomes of Treatment for Effusive Feline Infectious Peritonitis with GS-441524 in Seventeen Retrovirus-Positive Cats ,https://www.mdpi.com/2076-0817/15/3/337
Tissue distribution of a feline AGP related protein (fAGPrP) in cats with feline infectious peritonitis (FIP),https://journals.sagepub.com/doi/10.1016/j.jfms.2003.08.012
"In Vivo Diagnosis of Feline Infectious Peritonitis by Comparison of Protein Content, Cytology, and Direct Immunofluorescence Test on Peritoneal and Pleural Effusions",https://journals.sagepub.com/doi/10.1177/104063879901100411
Feline Lectin Activity Is Critical for the Cellular Entry of Feline Infectious Peritonitis Virus,https://journals.asm.org/doi/10.1128/jvi.00964-10
Skin fragility syndrome in a cat with feline infectious peritonitis and hepatic lipidosis,https://onlinelibrary.wiley.com/doi/10.1111/j.1365-3164.2007.00613.x
 Prospective Analysis of Clinicopathologic Correlates of At-Home Feline Infectious Peritonitis Treatment Using GS-441524 ,https://pubmed.ncbi.nlm.nih.gov/40430825/
" Infection studies in kittens, using feline infectious peritonitis virus propagated in cell culture ",https://pubmed.ncbi.nlm.nih.gov/6267959/
Field strain feline coronaviruses with small deletions in ORF7b associated with both enteric infection and feline infectious peritonitis,https://journals.sagepub.com/doi/10.1016/j.jfms.2008.09.004
 Pharmacokinetics of Molnupiravir in Cats with Naturally Occurring Feline Infectious Peritonitis ,https://www.mdpi.com/2076-0817/14/7/666
Feline infectious peritonitis presenting as a tumour in the abdominal cavity,https://bvajournals.onlinelibrary.wiley.com/doi/10.1136/vr.144.5.118
Histopathological alterations of lymphatic tissues in cats without feline infectious peritonitis after long-term exposure to FIP virus,https://www.sciencedirect.com/science/article/pii/S0378113599001017?via%3Dihub
Characterization of a Feline Infectious Peritonitis Virus Isolate,https://journals.sagepub.com/doi/10.1177/030098588101800214
Therapeutic effect of anti-feline TNF-alpha monoclonal antibody for feline infectious peritonitis,https://www.sciencedirect.com/science/article/pii/S0034528815300928?via%3Dihub
Feline Infectious Peritonitis Virus,https://onlinelibrary.wiley.com/doi/10.1111/j.1439-0450.1977.tb01013.x
Abdominal Ultrasonographic Findings Associated With Feline Infectious Peritonitis: A Retrospective Review of 16 Cases,https://jaaha.kglmeridian.com/view/journals/aaha/46/3/article-p152.xml
Mutation analysis of the spike protein in Italian feline infectious peritonitis virus and feline enteric coronavirus sequences,https://www.sciencedirect.com/science/article/abs/pii/S0034528820311255?via%3Dihub
The first study on clinicopathological changes in cats with feline infectious peritonitis with and without retrovirus coinfection,https://www.veterinaryworld.org/Vol.16/April-2023/20.html
Effect of Polyprenyl Immunostimulant on the survival times of three cats with the dry form of feline infectious peritonitis,https://journals.sagepub.com/doi/10.1016/j.jfms.2008.12.002
Feline coronavirus with and without spike gene mutations detected by real-time RT-PCRs in cats with feline infectious peritonitis,https://journals.sagepub.com/doi/10.1177/1098612X19886671
"Cellular composition, coronavirus antigen expression and production of specific antibodies in lesions in feline infectious peritonitis",https://www.sciencedirect.com/science/article/pii/S0165242798001585?via%3Dihub
A study on the mechanism of antibody-dependent enhancement of feline infectious peritonitis virus infection in feline macrophages by monoclonal antibodies,https://link.springer.com/article/10.1007/BF01310476
Differences in virus receptor for type I and type II feline infectious peritonitis virus,https://link.springer.com/article/10.1007/s007050050336
 Myocarditis in Cats with Feline Infectious Peritonitis Can Be Cured with GS-441524 and Symptomatic Cardiovascular Treatment ,https://www.mdpi.com/2076-2615/15/11/1660
" High-dose induction therapy and treatment termination criteria for feline infectious peritonitis with remdesivir, GS-441524 and adjunctive mefloquine: 46 cases (2023) ",https://pubmed.ncbi.nlm.nih.gov/40251466/
 Rapid Clinical Resolution and Differential Diagnosis of a Neurological Case of Feline Infectious Peritonitis (FIP) Using GS-441524 ,https://www.mdpi.com/2076-0817/14/5/424
"Characterization of monoclonal antibodies against feline infectious peritonitis virus type II and antigenic relationship between feline, porcine, and canine coronaviruses",https://link.springer.com/article/10.1007/BF01310494
Detection of Ascitic Feline Coronavirus RNA from Cats with Clinically Suspected Feline Infectious Peritonitis,https://www.jstage.jst.go.jp/article/jvms/75/10/75_13-0094/_article
"Analysis of risk factors, clinical data, treatment outcomes for cats with feline infectious peritonitis using GS-441524 (2020–2024)",https://www.nature.com/articles/s41598-025-30674-2
Diagnostic utility of a direct immunofluorescence test to detect feline coronavirus antigen in macrophages in effusive feline infectious peritonitis,https://www.sciencedirect.com/science/article/pii/S1090023313003985?via%3Dihub
Molecular epidemiology of type I and II feline coronavirus from cats with suspected feline infectious peritonitis in China between 2019 and 2021,https://link.springer.com/article/10.1007/s00705-021-05291-9
 Deciphering Viral Replication Dynamics in Feline Infectious Peritonitis: A Quantitative Approach ,https://www.mdpi.com/1999-4915/17/2/279
"Live, Attenuated Coronavirus Vaccines through the Directed Deletion of Group-Specific Genes Provide Protection against Feline Infectious Peritonitis",https://journals.asm.org/doi/10.1128/jvi.78.8.3863-3871.2004
 Serum proteomic approach to identifying differentially expressed proteins in effusive feline infectious peritonitis ,https://pubmed.ncbi.nlm.nih.gov/40442209/
 Feline Coronaviruses Identified in Feline Effusions in Suspected Cases of Feline Infectious Peritonitis ,https://www.mdpi.com/2076-2607/9/9/1801
 Isolation and characterization of feline C3 and evidence for the immune complex pathogenesis of feline infectious peritonitis,https://pubmed.ncbi.nlm.nih.gov/7410847/
 Immune-Mediated Hemolytic Anemia in Cats with Feline Infectious Peritonitis ,https://www.mdpi.com/2076-0817/14/7/660
 Evaluation of the course of improvement with molnupiravir treatment for feline infectious peritonitis ,https://pubmed.ncbi.nlm.nih.gov/40322652/
Immunohistological demonstration of feline infectious peritonitis virus antigen in paraffin-embedded tissues using feline ascites or murine monoclonal antibodies,https://www.sciencedirect.com/science/article/pii/016524279505459J?via%3Dihub
Navigating neurological re-emergence in feline infectious peritonitis: challenges and insights from GS-441524 and remdesivir treatment,https://journals.sagepub.com/doi/10.1177/20551169251360625
Thoracic radiographic findings in cats with feline infectious peritonitis,https://journals.sagepub.com/doi/10.1177/1098612X241309823
 Multiple cases of feline leukemia and feline infectious peritonitis in a household ,https://pubmed.ncbi.nlm.nih.gov/4575555/
"Neutrophil survival factors (TNF-alpha, GM-CSF, and G-CSF) produced by macrophages in cats infected with feline infectious peritonitis virus contribute to the pathogenesis of granulomatous lesions",https://link.springer.com/article/10.1007/s00705-009-0371-3
Clinicopathologic Features and Magnetic Resonance Imaging Findings in 24 Cats With Histopathologically Confirmed Neurologic Feline Infectious Peritonitis,https://academic.oup.com/jvim/article/31/5/1477/8449189?login=false
Positive predictive value of albumin: globulin ratio for feline infectious peritonitis in a mid-western referral hospital population,https://journals.sagepub.com/doi/10.1177/1098612X12454862
Disease outcome and cytokine responses in cats immunized with an avirulent feline infectious peritonitis virus (FIPV)-UCD1 and challenge-exposed with virulent FIPV-UCD8,https://journals.sagepub.com/doi/10.1016/j.jfms.2003.08.009
Investigation into the utility of an immunocytochemical assay in body cavity effusions for diagnosis of feline infectious peritonitis,https://journals.sagepub.com/doi/10.1177/1098612X16630357
 Morphologic and Physical Characteristics of Feline Infectious Peritonitis Virus and Its Growth in Autochthonous Peritoneal Cell Cultures ,https://avmajournals.avma.org/view/journals/ajvr/37/5/ajvr.1976.37.05.567.xml
Investigation of the relation between feline infectious peritonitis and retroviruses in cats,https://gsconlinepress.com/journals/gscbps/content/investigation-relation-between-feline-infectious-peritonitis-and-retroviruses-cats
 Alpha-1 Acid Glycoprotein Reduction Differentiated Recovery from Remission in a Small Cohort of Cats Treated for Feline Infectious Peritonitis ,https://www.mdpi.com/1999-4915/14/4/744
Natural feline coronavirus infection: Differences in cytokine patterns in association with the outcome of infection,https://www.sciencedirect.com/science/article/pii/S0165242706000560?via%3Dihub
 Diagnostic Value of Detecting Feline Coronavirus RNA and Spike Gene Mutations in Cerebrospinal Fluid to Confirm Feline Infectious Peritonitis ,https://www.mdpi.com/1999-4915/13/2/186
Protection against feline infectious peritonitis by intranasal inoculation of a temperature-sensitive FIPV vaccine,https://www.sciencedirect.com/science/article/pii/0264410X90900046?via%3Dihub
Correlation of Genomic Detection of Feline Coronavirus with Various Diagnostic Assays for Feline Infectious Peritonitis,https://journals.sagepub.com/doi/10.1177/104063879801000119
 Retrospective Survival Analysis of Cats with Feline Infectious Peritonitis Treated with Polyprenyl Immunostimulant That Survived over 365 Days ,https://www.mdpi.com/2076-0817/11/8/881
Characterization of peritoneal cells from cats with experimentally-induced feline infectious peritonitis (FIP) using RNA-seq,https://link.springer.com/article/10.1186/s13567-018-0578-y
Immunohistochemical studies on meningoencephalitis in feline infectious peritonitis (FIP),https://www.jstage.jst.go.jp/article/jvms/80/12/80_18-0406/_article
"A review of feline infectious peritonitis virus: molecular biology, immunopathogenesis, clinical aspects, and vaccination",https://www.sciencedirect.com/science/article/pii/037811359390126R?via%3Dihub
Antibody-Dependent Enhancement Occurs Upon Re-Infection with the Identical Serotype Virus in Feline Infectious Peritonitis Virus Infection,https://www.jstage.jst.go.jp/article/jvms/70/12/70_12_1315/_article
Cutaneous lesions associated with coronavirus-induced vasculitis in a cat with feline infectious peritonitis and concurrent feline immunodeficiency virus infection,https://journals.sagepub.com/doi/10.1016/j.jfms.2004.12.001
Large-cell lymphoma in four cats after successful treatment of feline infectious peritonitis with oral GS-441524: a novel clinical observation,https://journals.sagepub.com/doi/10.1177/1098612X261434629
Utility of an immunocytochemical assay using aqueous humor in the diagnosis of feline infectious peritonitis,https://onlinelibrary.wiley.com/doi/10.1111/vop.12474
A Reverse Genetics Approach To Study Feline Infectious Peritonitis,https://journals.asm.org/doi/10.1128/jvi.00023-12
Serum biomarkers of oxidative stress in cats with feline infectious peritonitis,https://www.sciencedirect.com/science/article/pii/S0034528815000491?via%3Dihub
Monoclonal antibody analysis of neutralization and antibody-dependent enhancement of feline infectious peritonitis virus,https://journals.asm.org/doi/10.1128/jvi.66.11.6695-6705.1992
Activation of p38 MAPK by feline infectious peritonitis virus regulates pro-inflammatory cytokine production in primary blood-derived feline mononuclear cells,https://www.sciencedirect.com/science/article/pii/S0042682208007356?via%3Dihub
Feline Coronavirus in Multicat Environments,https://www.sciencedirect.com/science/article/pii/S0195561611001422?via%3Dihub
Detection of feline Coronavirus in effusions of cats with and without feline infectious peritonitis using loop-mediated isothermal amplification,https://www.sciencedirect.com/science/article/pii/S0166093417305761?via%3Dihub
 Evaluation of antibodies against feline coronavirus 7b protein for diagnosis of feline infectious peritonitis in cats ,https://avmajournals.avma.org/view/journals/ajvr/69/9/ajvr.69.9.1179.xml
Molecular Characterization of Feline Infectious Peritonitis Virus Strain DF-2 and Studies of the Role of ORF3abc in Viral Cell Tropism,https://journals.asm.org/doi/10.1128/jvi.00189-12
Feline coronavirus-associated uveitis: The eye as a gateway to systemic spread and feline infectious peritonitis?,https://www.sciencedirect.com/science/article/pii/S0378113524003778?via%3Dihub
 Therapeutic Effects of Mutian® Xraphconn on 141 Client-Owned Cats with Feline Infectious Peritonitis Predicted by Total Bilirubin Levels ,https://www.mdpi.com/2306-7381/8/12/328
 Meningoencephalitis and Panophthalmitis in Feline Infectious Peritonitis ,https://avmajournals.avma.org/view/journals/javma/160/5/javma.1972.160.05.729.xml
Papular cutaneous lesions in a cat associated with feline infectious peritonitis,https://onlinelibrary.wiley.com/doi/10.1111/j.1365-3164.2008.00684.x
 Potential therapeutic effects of GS-441524 and GC376 in cats with feline infectious peritonitis ,https://veterinaryevidence.org/index.php/ve/article/view/522
Predictive factors associated with short-term mortality in cats with feline infectious peritonitis treated with remdesivir or GS-441524 or both,https://academic.oup.com/jvim/article/39/1/jvim17249/8422581?login=false
Characterization of antiviral T cell responses during primary and secondary challenge of laboratory cats with feline infectious peritonitis virus (FIPV),https://link.springer.com/article/10.1186/s12917-019-1909-6
Decreased sialylation of the acute phase protein α1-acid glycoprotein in feline infectious peritonitis (FIP),https://www.sciencedirect.com/science/article/pii/S0165242704000522?via%3Dihub
Reverse Genetics for Type I Feline Coronavirus Field Isolate To Study the Molecular Pathogenesis of Feline Infectious Peritonitis,https://journals.asm.org/doi/10.1128/mbio.01422-18
 Therapeutic Drug Monitoring of GS-441524 in Cats with Feline Infectious Peritonitis: Pharmacokinetic Variability and Implications for Dose Optimization ,https://www.mdpi.com/2076-0817/15/3/291
The feline acute phase reaction,https://www.sciencedirect.com/science/article/pii/S1090023307002110?via%3Dihub
Therapeutic effect of an anti-human-TNF-alpha antibody and itraconazole on feline infectious peritonitis,https://link.springer.com/article/10.1007/s00705-020-04605-7
Clinical efficacy of combination therapy of itraconazole and prednisolone for treating effusive feline infectious peritonitis,https://www.jstage.jst.go.jp/article/jvms/82/10/82_20-0049/_article
Distinct mutation in the feline coronavirus spike protein cleavage activation site in a cat with feline infectious peritonitis-associated meningoencephalomyelitis,https://journals.sagepub.com/doi/10.1177/2055116919856103
Sensitivity of Tru-cut and fine-needle aspiration biopsies of liver and kidney for diagnosis of feline infectious peritonitis,https://onlinelibrary.wiley.com/doi/10.1111/j.1939-165X.2005.tb00063.x
Diagnosis of non-effusive feline infectious peritonitis by reverse transcriptase quantitative PCR from mesenteric lymph node fine-needle aspirates,https://journals.sagepub.com/doi/10.1177/1098612X18809165
 Feline infectious peritonitis: review of gross and histopathologic lesions ,https://pubmed.ncbi.nlm.nih.gov/5103508/
Natural FCoV infection: Cats with FIP exhibit significantly higher viral loads than healthy infected cats,https://journals.sagepub.com/doi/10.1016/j.jfms.2005.07.002
Feline and Canine Coronaviruses: Common Genetic and Pathobiological Features,https://onlinelibrary.wiley.com/doi/10.1155/2011/609465
The role of accessory proteins in the replication of feline infectious peritonitis virus in peripheral blood monocytes,https://www.sciencedirect.com/science/article/pii/S0378113512005846?via%3Dihub
Detection of feline infectious peritonitis virus-like antigen in ferrets,https://bvajournals.onlinelibrary.wiley.com/doi/10.1136/vr.158.15.523-b
Characterization of amino acid substitutions in feline coronavirus 3C-like protease from a cat with feline infectious peritonitis treated with a protease inhibitor,https://www.sciencedirect.com/science/article/pii/S0378113519308259?via%3Dihub
" Quality assessment and characterization of unregulated antiviral drugs for feline infectious peritonitis: implications for treatment, safety, and efficacy ",https://avmajournals.avma.org/view/journals/ajvr/85/3/ajvr.23.10.0221.xml
Chapter 20 - Feline Coronavirus Infection,https://www.sciencedirect.com/science/chapter/monograph/pii/B978143770795300020X?via%3Dihub
Evaluation of polymorphisms in inflammatory mediator and cellular adhesion genes as risk factors for feline infectious peritonitis,https://journals.sagepub.com/doi/10.1177/1098612X19865637